class_key,show_no,class_no,class_number,class_name,entry_count
14906|29275,14906,29275,1,High Performance Conformation Hunter-Model,0
14906|29276,14906,29276,2,$500 High Performance Conformation Hunter,0
14906|29277,14906,29277,3,$500 High Performance Conformation Hunter,0
14906|29278,14906,29278,4,$500 High Performance Conformation Hunter,0
14906|29279,14906,29279,5,$500 High Performance Conformation Hunter-Handy,0
14906|29280,14906,29280,6,$200 High Performance Conformation Hunter U/S,0
14906|29281,14906,29281,7,Green Conformation Hunter-Model,0
14906|29282,14906,29282,8,$400 Green Conformation Hunter,0
14906|29283,14906,29283,9,$400 Green Conformation Hunter,0
14906|29284,14906,29284,10,$400 Green Conformation Hunter,0
14906|29285,14906,29285,11,$400 Green Conformation Hunter-Handy,0
14906|29286,14906,29286,12,$150 Green Conformation Hunter U/S,0
14906|29311,14906,29311,13,$700 High Performance Hunter 4',1
14906|29310,14906,29310,14,$700 High Performance Hunter 4',1
14906|29309,14906,29309,15,$700 High Performance Hunter 4',1
14906|29308,14906,29308,16,$700 High Performance Hunter-Handy 4',1
14906|29307,14906,29307,17,$300 High Performance Hunter U/S 4',1
14906|29287,14906,29287,18,"$600 Green Hunter 3'9""",0
14906|29288,14906,29288,19,"$600 Green Hunter 3'9""",0
14906|29289,14906,29289,20,"$600 Green Hunter 3'9"" (Incentive Score)",0
14906|29290,14906,29290,21,"$600 Green Hunter 3'9""-Handy",0
14906|29291,14906,29291,22,"$200 Green Hunter 3'9"" U/S",0
14906|29292,14906,29292,23,"$600 Green Hunter 3'6""",2
14906|29293,14906,29293,24,"$600 Green Hunter 3'6""",2
14906|29294,14906,29294,25,"$600 Green Hunter 3'6"" (Incentive Score)",2
14906|29295,14906,29295,26,"$600 Green Hunter 3'6""-Handy",2
14906|29296,14906,29296,27,"$200 Green Hunter 3'6"" U/S",1
14906|29297,14906,29297,28,"$350 Green Hunter 3'3""",8
14906|29298,14906,29298,29,"$350 Green Hunter 3'3""",8
14906|29299,14906,29299,30,"$350 Green Hunter 3'3"" (Incentive Score)",8
14906|29300,14906,29300,31,"$350 Green Hunter 3'3""",8
14906|29301,14906,29301,32,"$150 Green Hunter 3'3"" U/S",8
14906|29302,14906,29302,33,"$350 Green Hunter 3'0""",9
14906|29303,14906,29303,34,"$350 Green Hunter 3'0""",9
14906|29304,14906,29304,35,"$350 Green Hunter 3'0"" (Incentive Score)",9
14906|29305,14906,29305,36,"$350 Green Hunter 3'0""",9
14906|29306,14906,29306,37,"$150 Green Hunter 3'0"" U/S",9
14906|29332,14906,29332,38,"$400 Performance Hunter 3'6""",5
14906|29382,14906,29382,39,"$400 Performance Hunter 3'6""",5
14906|29383,14906,29383,40,"$400 Performance Hunter 3'6""",7
14906|29384,14906,29384,41,"$400 Performance Hunter 3'6""-Handy",7
14906|29385,14906,29385,42,"$150 Performance Hunter 3'6"" U/S",4
14906|29327,14906,29327,43,"$350 Performance Hunter 3'3""",12
14906|29328,14906,29328,44,"$350 Performance Hunter 3'3""",11
14906|29329,14906,29329,45,"$350 Performance Hunter 3'3""",13
14906|29330,14906,29330,46,"$350 Performance Hunter 3'3""-Handy",13
14906|29331,14906,29331,47,"$150 Performance Hunter 3'3"" U/S",5
14906|29312,14906,29312,48,"$350 Young Hunter 2'9""",4
14906|29313,14906,29313,49,"$350 Young Hunter 2'9""",4
14906|29314,14906,29314,50,"$350 Young Hunter 2'9""",4
14906|29315,14906,29315,51,"$350 Young Hunter 2'9""",4
14906|29316,14906,29316,52,"$150 Young Hunter 2'9"" U/S",4
14906|29317,14906,29317,53,$350 Young Hunter 3',4
14906|29318,14906,29318,54,$350 Young Hunter 3',4
14906|29319,14906,29319,55,$350 Young Hunter 3',4
14906|29320,14906,29320,56,$350 Young Hunter 3',4
14906|29321,14906,29321,57,$150 Young Hunter 3' U/S,4
14906|29322,14906,29322,58,"$350 Young Hunter 3'3""",3
14906|29323,14906,29323,59,"$350 Young Hunter 3'3""",4
14906|29324,14906,29324,60,"$350 Young Hunter 3'3""",3
14906|29325,14906,29325,61,"$350 Young Hunter 3'3""",3
14906|29326,14906,29326,62,"$150 Young Hunter 3'3"" U/S",3
14906|29386,14906,29386,80,"$600 Amateur Owner Hunter 3'6"" 18-35 Yrs",2
14906|29387,14906,29387,81,"$600 Amateur Owner Hunter 3'6"" 18-35 Yrs (1st rnd Classic)",2
14906|29388,14906,29388,82,"$600 Amateur Owner Hunter 3'6"" 18-35 Yrs",2
14906|29333,14906,29333,83,"$600 Amateur Owner Hunter 3'6"" 18-35 Yrs-Handy",2
14906|29334,14906,29334,84,"$350 Amateur Owner Hunter 3'6"" 18-35 Yrs U/S",2
14906|29335,14906,29335,85,"$600 Amateur Owner Hunter 3'6"" 36+",1
14906|29336,14906,29336,86,"$600 Amateur Owner Hunter 3'6"" 36+ (1st rnd Classic)",1
14906|29337,14906,29337,87,"$600 Amateur Owner Hunter 3'6"" 36+",1
14906|29338,14906,29338,88,"$600 Amateur Owner Hunter 3'6"" 36+-Handy",1
14906|29339,14906,29339,89,"$350 Amateur Owner Hunter 3'6"" 36+ U/S",1
14906|29340,14906,29340,90,"$400 Amateur Owner Hunter 3'3"" 18-35",6
14906|29341,14906,29341,91,"$400 Amateur Owner Hunter 3'3"" 18-35 Years (1st rnd Classic",6
14906|29342,14906,29342,92,"$400 Amateur Owner Hunter 3'3"" 18-35",6
14906|29343,14906,29343,93,"$400 Amateur Owner Hunter 3'3"" 18-35 Years-Handy",6
14906|29344,14906,29344,94,"$200 Amateur Owner Hunter 3'3"" 18-35 Years U/S",6
14906|29345,14906,29345,95,"$400 Amateur Owner Hunter 3'3"" 36+",1
14906|29346,14906,29346,96,"$400 Amateur Owner Hunter 3'3"" 36+ (1st rnd Classic)",1
14906|29347,14906,29347,97,"$400 Amateur Owner Hunter 3'3"" 36+",1
14906|29348,14906,29348,98,"$400 Amateur Owner Hunter 3'3"" 36+-Handy",1
14906|29349,14906,29349,99,"$200 Amateur Owner Hunter 3'3"" 36+ U/S",1
14906|29350,14906,29350,100,"$600 Junior Hunter 3'6"" Small 15/U",1
14906|29351,14906,29351,101,"$600 Junior Hunter 3'6"" Small 15U (1st rnd Classic)",1
14906|29352,14906,29352,102,"$600 Junior Hunter 3'6"" Small 15/U",1
14906|29353,14906,29353,103,"$600 Junior Hunter 3'6"" Small 15/U-Handy",1
14906|29354,14906,29354,104,"$350 Junior Hunter 3'6"" Small 15/U U/S",1
14906|29355,14906,29355,105,"$600 Junior Hunter 3'6"" Small 16-17",0
14906|29356,14906,29356,106,"$600 Junior Hunter 3'6"" Small 16-17 (1st rnd Classic)",0
14906|29357,14906,29357,107,"$600 Junior Hunter 3'6"" Small 16-17",0
14906|29358,14906,29358,108,"$600 Junior Hunter 3'6"" Small 16-17-Handy",0
14906|29359,14906,29359,109,"$350 Junior Hunter 3'6"" Small 16-17 U/S",0
14906|29360,14906,29360,110,"$600 Junior Hunter 3'6"" Large 15/U",1
14906|29361,14906,29361,111,"$600 Junior Hunter 3'6"" Large 15U (1st rnd Classic)",1
14906|29362,14906,29362,112,"$600 Junior Hunter 3'6"" Large 15/U",1
14906|29363,14906,29363,113,"$600 Junior Hunter 3'6"" Large 15/U-Handy",1
14906|29364,14906,29364,114,"$350 Junior Hunter 3'6"" Large 15/U U/S",1
14906|29365,14906,29365,115,"$600 Junior Hunter 3'6"" Large 16-17",0
14906|29366,14906,29366,116,"$600 Junior Hunter 3'6"" Large 16-17 (1st rnd Classic)",0
14906|29367,14906,29367,117,"$600 Junior Hunter 3'6"" Large 16-17",0
14906|29368,14906,29368,118,"$600 Junior Hunter 3'6"" Large 16-17-Handy",0
14906|29369,14906,29369,119,"$350 Junior Hunter 3'6"" Large 16-17 U/S",0
14906|33443,14906,33443,120,"$400 Junior Hunter 3'3"" 15 & U",2
14906|33444,14906,33444,121,"$400 Junior Hunter 3'3"" 15 & U (1st rnd Classic)",2
14906|33445,14906,33445,122,"$400 Junior Hunter 3'3"" 15 & U",2
14906|33446,14906,33446,123,"$400 Junior Hunter 3'3"" 15 & U- Handy",2
14906|33447,14906,33447,124,"$200 Junior Hunter 3'3"" 15 & U U/S",2
14906|33448,14906,33448,125,"$400 Junior Hunter 3'3"" 16-17",2
14906|33449,14906,33449,126,"$400 Junior Hunter 3'3"" 16-17 (1st rnd Classic)",2
14906|33450,14906,33450,127,"$400 Junior Hunter 3'3"" 16-17",2
14906|33451,14906,33451,128,"$400 Junior Hunter 3'3"" 16-17 - Handy",2
14906|33452,14906,33452,129,"$200 Junior Hunter 3'3"" 16-17 U/S",2
14906|29380,14906,29380,150,"$250 Green Pony Conf Hunter- Small 2'3""",0
14906|29381,14906,29381,151,"$250 Green Pony Hunter Sm 2'3"" (1st rnd Classic)",0
14906|28945,14906,28945,152,"$250 Green Pony Hunter Sm 2'3""",0
14906|28946,14906,28946,153,"$250 Green Pony Hunter Sm 2'3""",0
14906|28947,14906,28947,154,"$100 Green Pony Hunter Sm 2'3"" U/S",0
14906|28948,14906,28948,156,"$250 Green Pony Conf Hunter- Med 2'6""",2
14906|28949,14906,28949,157,"$250 Green Pony Hunter Med 2'6"" (1st rnd Classic)",2
14906|28951,14906,28951,158,"$250 Green Pony Hunter Med 2'6""",2
14906|28952,14906,28952,159,"$250 Green Pony Hunter Med 2'6""",2
14906|28953,14906,28953,160,"$100 Green Pony Hunter Med 2'6"" U/S",2
14906|28954,14906,28954,162,"$250 Green Pony Conf Hunter- Lg 2'9""",1
14906|28955,14906,28955,163,"$250 Green Pony Hunter Lg 2'9"" (1st rnd Classic)",1
14906|28956,14906,28956,164,"$250 Green Pony Hunter Lg 2'9""",1
14906|28957,14906,28957,165,"$250 Green Pony Hunter Lg 2'9""",1
14906|28958,14906,28958,166,"$100 Green Pony Hunter Lg 2'9"" U/S",1
14906|28959,14906,28959,170,"$375 Pony Conf Hunter- Sm 2'3""",4
14906|28960,14906,28960,171,"$375 Pony Hunter Sm 2'3"" (1st rnd Classic)",4
14906|28961,14906,28961,172,"$375 Pony Hunter Sm 2'3""",4
14906|28962,14906,28962,173,"$375 Pony Hunter Sm 2'3""-Handy",4
14906|28963,14906,28963,174,"$150 Pony Hunter Sm 2'3"" U/S",4
14906|28965,14906,28965,176,"$375 Pony Conf Hunter- Med 2'6""",4
14906|28966,14906,28966,177,"$375 Pony Hunter Med 2'6"" (1st rnd Classic)",4
14906|28967,14906,28967,178,"$375 Pony Hunter Med 2'6""",4
14906|28968,14906,28968,179,"$375 Pony Hunter Med 2'6""-Handy",4
14906|28969,14906,28969,180,"$150 Pony Hunter Med 2'6"" U/S",4
14906|28970,14906,28970,182,"$375 Pony Conf Hunter- Lg 2'9""",3
14906|28971,14906,28971,183,"$375 Pony Hunter Lg 2'9"" (1st rnd Classic)",3
14906|28972,14906,28972,184,"$375 Pony Hunter Lg 2'9""",3
14906|28973,14906,28973,185,"$375 Pony Hunter Lg 2'9""-Handy",3
14906|28974,14906,28974,186,"$150 Pony Hunter Lg 2'9"" U/S",3
14906|28984,14906,28984,200,$300 Child Hunter 14/U 3',6
14906|28985,14906,28985,201,$300 Child Hunter 14/U (1st rnd Classic) 3',6
14906|28986,14906,28986,202,$300 Child Hunter 14/U 3',6
14906|28987,14906,28987,203,$300 Child Hunter 14/U 3',6
14906|28988,14906,28988,204,$200 Child Hunter 14/U U/S 3',6
14906|28989,14906,28989,205,$300 Child Hunter 15-17 3',3
14906|28990,14906,28990,206,$300 Child Hunter 15-17 (1st rnd Classic) 3',3
14906|28991,14906,28991,207,$300 Child Hunter 15-17 3',3
14906|28992,14906,28992,208,$300 Child Hunter 15-17 3',3
14906|28993,14906,28993,209,$200 Child Hunter 15-17 U/S 3',2
14906|28975,14906,28975,210,$100 Child Pony Hunter Sm/Med 2',7
14906|28976,14906,28976,211,$100 Child Pony Hunter Sm/Med 2' (1st rnd Classic),7
14906|28977,14906,28977,212,$100 Child Pony Hunter Sm/Med 2',7
14906|28978,14906,28978,213,$100 Child Pony Hunter Sm/Med 2',6
14906|28980,14906,28980,214,$50 Child Pony Hunter Sm/Med 2' U/S,7
14906|28981,14906,28981,215,"$100 Child Pony Hunter Lg 2'6""",0
14906|28982,14906,28982,216,"$100 Child Pony Hunter Lg 2'6"" (1st rnd Classic)",0
14906|29501,14906,29501,217,"$100 Child Pony Hunter Lg 2'6""",0
14906|29502,14906,29502,218,"$100 Child Pony Hunter Lg 2'6""",0
14906|28983,14906,28983,219,"$50 Child Pony Hunter Lg 2'6"" U/S",0
14906|28994,14906,28994,220,$300 Adult Hunter 18-35 3',9
14906|28995,14906,28995,221,$300 Adult Hunter 18-35 (1st rnd Classic) 3',9
14906|28996,14906,28996,222,$300 Adult Hunter 18-35 3',9
14906|28998,14906,28998,223,$300 Adult Hunter 18-35 3',9
14906|28999,14906,28999,224,$200 Adult Hunter 18-35 U/S 3',9
14906|29000,14906,29000,225,$300 Adult Hunter 36-54 3',3
14906|29001,14906,29001,226,$300 Adult Hunter 36-54(1st rnd Classic) 3',2
14906|29002,14906,29002,227,$300 Adult Hunter 36-54 3',2
14906|29003,14906,29003,228,$300 Adult Hunter 36-54 3',2
14906|29004,14906,29004,229,$200 Adult Hunter 36-54 U/S 3',2
14906|29005,14906,29005,230,$300 Adult Hunter 55+ 3',4
14906|29006,14906,29006,231,$300 Adult Hunter 55+ (1st rnd Classic) 3',4
14906|29007,14906,29007,232,$300 Adult Hunter 55+ 3',4
14906|29008,14906,29008,233,$300 Adult Hunter 55+ 3',4
14906|29009,14906,29009,234,$200 Adult Hunter 55+ U/S 3',4
14906|29010,14906,29010,235,Thoroughbred Hunter 3',0
14906|29011,14906,29011,236,Thoroughbred Hunter 3',0
14906|29012,14906,29012,237,Thoroughbred Hunter 3',0
14906|29013,14906,29013,238,Thoroughbred Hunter 3',0
14906|29014,14906,29014,239,Thoroughbred Hunter U/S,0
14906|29071,14906,29071,245,"USHJA Hunter 3'3""",15
14906|29072,14906,29072,246,"USHJA Hunter 3'3""",16
14906|29074,14906,29074,247,"USHJA Hunter 3'3""",13
14906|29075,14906,29075,248,"USHJA Hunter 3'3""",12
14906|29076,14906,29076,249,"USHJA Hunter 3'3"" U/S",2
14906|29041,14906,29041,250,Future Hunter 2',5
14906|29042,14906,29042,251,Future Hunter 2',4
14906|29043,14906,29043,252,Future Hunter 2',7
14906|29044,14906,29044,253,Future Hunter 2',7
14906|29045,14906,29045,254,Future Hunter 2' U/S,7
14906|29051,14906,29051,255,USHJA Hunter 2',17
14906|29052,14906,29052,256,USHJA Hunter 2',17
14906|29053,14906,29053,257,USHJA Hunter 2',15
14906|29054,14906,29054,258,USHJA Hunter 2',15
14906|29055,14906,29055,259,USHJA Hunter 2 U/S,13
14906|29056,14906,29056,260,"USHJA Hunter 2'3""",15
14906|29057,14906,29057,261,"USHJA Hunter 2'3""",14
14906|29058,14906,29058,262,"USHJA Hunter 2'3""",8
14906|29059,14906,29059,263,"USHJA Hunter 2'3""",8
14906|29060,14906,29060,264,"USHJA Hunter 2'3"" U/S",8
14906|29061,14906,29061,265,"USHJA Hunter 2'6""",23
14906|29062,14906,29062,266,"USHJA Hunter 2'6""",21
14906|29063,14906,29063,267,"USHJA Hunter 2'6""",16
14906|29064,14906,29064,268,"USHJA Hunter 2'6""",15
14906|29065,14906,29065,269,"USHJA Hunter 2'6"" U/S",11
14906|29264,14906,29264,270,"USHJA Hunter 2'9""",22
14906|29263,14906,29263,271,"USHJA Hunter 2'9""",21
14906|29262,14906,29262,272,"USHJA Hunter 2'9""",13
14906|29261,14906,29261,273,"USHJA Hunter 2'9""",12
14906|29260,14906,29260,274,"USHJA Hunter 2'9"" U/S",14
14906|29066,14906,29066,275,USHJA Hunter 3',10
14906|29067,14906,29067,276,USHJA Hunter 3',10
14906|29068,14906,29068,277,USHJA Hunter 3',15
14906|29069,14906,29069,278,USHJA Hunter 3',13
14906|29070,14906,29070,279,USHJA Hunter 3'' U/S,5
14906|29046,14906,29046,280,"Baby Green Hunter 2'6""",8
14906|29047,14906,29047,281,Baby Green Hunter 2'6',8
14906|29048,14906,29048,282,Baby Green Hunter 2'6',5
14906|29049,14906,29049,283,"Baby Green Hunter 2'6""",5
14906|29050,14906,29050,284,Baby Green Hunter U/S,2
14906|29429,14906,29429,305,$100 Low Children's Hunter 14 & U 2'6',2
14906|29430,14906,29430,306,"$100 Low Children's Hunter 14 & U (1st rnd Classic) 2'6""",2
14906|29444,14906,29444,307,$100 Low Children's Hunter 14 & U 2'6',2
14906|29445,14906,29445,308,$100 Low Children's Hunter 14 & U 2'6',2
14906|29446,14906,29446,309,$50 Low Children's Hunter 14 & U 2'6' U/S,2
14906|29015,14906,29015,310,$100 Low Children's Hunter 15-17 2'6',5
14906|29016,14906,29016,311,"$100 Low Children's Hunter 15-17(1st rnd Classic) 2'6""",5
14906|29017,14906,29017,312,$100 Low Children's Hunter 15-17 2'6',5
14906|29018,14906,29018,313,$100 Low Children's Hunter 15-17 2'6',5
14906|29019,14906,29019,314,$50 Low Children's Hunter 15-17 2'6' U/S,5
14906|29020,14906,29020,315,$100 Low Children's Pony Hunter 2',0
14906|29021,14906,29021,316,$100 Low Children's Pony Hunter 2',0
14906|29022,14906,29022,317,$100 Low Children's Pony Hunter 2',0
14906|29023,14906,29023,318,$100 Low Children's Pony Hunter 2',0
14906|29024,14906,29024,319,$50 Low Children's Pony Hunter U/S,0
14906|29025,14906,29025,320,"$100 Low Adult Hunter 18-35 2'6""",8
14906|29026,14906,29026,321,"$100 Low Adult Hunter 18-35 (1st rnd Classic) 2'6""",8
14906|29027,14906,29027,322,"$100 Low Adult Hunter 18-35 2'6""",8
14906|29028,14906,29028,323,"$100 Low Adult Hunter 18-35 2'6""",7
14906|29029,14906,29029,324,$50 Low Adult Hunter 18-35 U/S,5
14906|29030,14906,29030,325,"$100 Low Adult Hunter 36-54 2'6""",4
14906|29031,14906,29031,326,$100 Low Adult Hunter 36-54 (1st rnd Classic) 2'6',4
14906|29032,14906,29032,327,"$100 Low Adult Hunter 36-54 2'6""",4
14906|29034,14906,29034,328,"$100 Low Adult Hunter 36-54 2'6""",4
14906|29035,14906,29035,329,$50 Low Adult Hunter 36-54 U/S,2
14906|29036,14906,29036,330,"$100 Low Adult Hunter 55+ 2'6""",5
14906|29037,14906,29037,331,$100 Low Adult Hunter 55+ (1st rnd Classic) 2'6',5
14906|29038,14906,29038,332,"$100 Low Adult Hunter 55+ 2'6""",5
14906|29039,14906,29039,333,"$100 Low Adult Hunter 55+ 2'6""",5
14906|29040,14906,29040,334,$50 Low Adult Hunter 55+ U/S,4
14906|29176,14906,29176,404,"$10,000 USHJA UF Vet Hunter Derby 3' Open",14
14906|29177,14906,29177,405,"$10,000 USHJA National Hunter Derby 3' Jr/Am",19
14906|29178,14906,29178,406,"$10,000 Golden Ocala Hunter Derby 3'6/3'9",8
14906|29179,14906,29179,407,"$2,000 USHJA Pony Hunt & Go Derby 2'3""/2'6""/2'9""",6
14906|29175,14906,29175,408,"$2500 WEC NonPro Hunt & Go Derby 2'6"" Child",5
14906|29187,14906,29187,412,"$3500 Junior Hunter Classic 3'6"" Small",1
14906|29189,14906,29189,413,"$3500 Junior Hunter Classic 3'6"" Large",1
14906|33453,14906,33453,414,"$2500 Junior Hunter Classic 3'3""",5
14906|29185,14906,29185,416,"$2500 Amateur Owner Hunter Classic 3'3""",5
14906|29186,14906,29186,417,"$3500 Amateur Owner Hunter Classic 3'6""",2
14906|29431,14906,29431,418,"$2500 Pony Hunter Classic 2'3/2'6""/2'9""",8
14906|29463,14906,29463,419,"$1500 Green Pony Hunter Classic 2'9""/2'6""/2'3""",2
14906|29193,14906,29193,420,$1000 Children's Pony Hunter Classic 2'/2'6',5
14906|29194,14906,29194,421,$1500 NAL/WIHS Children's Hunter Classic 14 & U 3',6
14906|29195,14906,29195,422,$1500 NAL/WIHS Children's Hunter Classic 15-17 3',2
14906|29196,14906,29196,423,$1500 NAL/WIHS Adult Hunter Classic 18-35 3',9
14906|29197,14906,29197,424,$1500 NAL/WIHS Adult Hunter Classic 36+ 3',4
14906|33454,14906,33454,425,"$1250 Low Children's Hunter Classic 2'6""",5
14906|29199,14906,29199,427,$1250 Low Adult Hunter Classic 18-35 2'6',8
14906|29200,14906,29200,428,$1250 Low Adult Hunter Classic 36+ 2'6',5
14906|29181,14906,29181,430,$1000 USHJA Green Hunter Incentive 3',1
14906|29182,14906,29182,431,"$1000 USHJA Green Hunter Incentive 3'3""",4
14906|29454,14906,29454,432,"$1000 USHJA Green Hunter Incentive 3'6""/3'9""",1
14906|29202,14906,29202,500,Equitation 11/U 2',0
14906|29203,14906,29203,501,Equitation 11/U 2',0
14906|29204,14906,29204,502,Equitation 11/U Flat,0
14906|29205,14906,29205,503,Equitation 12-14 2'9',2
14906|29206,14906,29206,504,Equitation 12-14 2'9',2
14906|29207,14906,29207,505,Equitation 12-14 Flat,2
14906|29208,14906,29208,506,"Equitation 15-17 3'3""",6
14906|29209,14906,29209,507,"Equitation 15-17 3'3""",6
14906|29210,14906,29210,508,Equitation 15-17 Flat,6
14906|29211,14906,29211,509,Adult Equitation 3',3
14906|29212,14906,29212,510,Adult Equitation 3',3
14906|29213,14906,29213,511,Adult Equitation Flat,3
14906|29214,14906,29214,512,Children's Equitation 3',4
14906|29215,14906,29215,513,Children's Equitation 3',4
14906|29216,14906,29216,514,Children's Equitation Flat,3
14906|29217,14906,29217,515,"Low Children's Equitation 2'6""",7
14906|29218,14906,29218,516,"Low Children's Equitation 2'6""",7
14906|29219,14906,29219,517,Low Children's Equitation Flat,5
14906|29220,14906,29220,518,"Low Adult Equitation 2'6""",5
14906|29221,14906,29221,519,Low Adult Equitation 2'6',5
14906|29222,14906,29222,520,Low Adult Equitation Flat,3
14906|29493,14906,29493,521,"Pony Equitation 2'3""/2'6""/2'9""",3
14906|29494,14906,29494,522,"Pony Equitation 2'3""/2'6""/2'9""",2
14906|29495,14906,29495,523,Pony Equitation Flat,2
14906|29490,14906,29490,524,"Children's Pony Equitation 2'/2'6""",1
14906|29491,14906,29491,525,"Children's Pony Equitation 2'/2'6""",1
14906|29492,14906,29492,526,Children's Pony Equitation Flat,1
14906|29231,14906,29231,527,Platinum Performance USEF Talent Search 3'9',2
14906|29229,14906,29229,528,"USEF Hunter Seat Medal 3'6""",4
14906|29240,14906,29240,529,"WIHS Equitation Hunter Phase 3'6""",3
14906|29241,14906,29241,530,"WIHS Equitation Jumper Phase 3'6""",4
14906|29242,14906,29242,531,"WIHS Equitation Overall 3'6""",2
14906|29243,14906,29243,532,"ASPCA Maclay 3'6""",4
14906|29244,14906,29244,533,"NHS Medal 3'3""",6
14906|29232,14906,29232,534,Ariat Adult Medal 3',3
14906|29238,14906,29238,535,THIS Children's Medal 14/U 3',5
14906|29239,14906,29239,536,THIS Children's Medal 15-17 3',2
14906|29233,14906,29233,537,"USHJA 3'3"" Am Jumping Seat Medal",0
14906|29234,14906,29234,538,"USHJA Jumping Seat Medal 3'3""",4
14906|29235,14906,29235,539,"USHJA Hunter Seat Medal 3'3""",1
14906|29468,14906,29468,545,"USEF Pony Medal (Open Card) 2'9""/2'6""/2'3""",3
14906|29469,14906,29469,546,"WIHS Pony Equitation (Open Card) 2'9""/2'6""/2'3""",2
14906|29245,14906,29245,547,THIS Adult Medal 3',3
14906|29246,14906,29246,548,"World Equestrian Center Premier Cup 3'6""",4
14906|28950,14906,28950,549,"NCEA Medal 3'3""",5
14906|29140,14906,29140,600,$100 .65m Jumper Open IV.1,10
14906|29141,14906,29141,601,$100 .65m Jumper Open IV.1,6
14906|29142,14906,29142,602,$100 .65m Jumper Open IV.1,5
14906|29143,14906,29143,603,$100 .65m Jumper Long Creek Farm Junior/Amateur IV.1,9
14906|29144,14906,29144,604,$100 .65m Jumper Long Creek Farm Junior/Amateur IV.1,9
14906|29145,14906,29145,605,$100 .65m Jumper Long Creek Farm Junior/Amateur IV.1,9
14906|29391,14906,29391,606,.75m Jumper Open IV.1,12
14906|29392,14906,29392,607,.75m Jumper Open IV.1,10
14906|29393,14906,29393,608,.75m Jumper Open IV.1,11
14906|29397,14906,29397,609,.75m Jumper Junior/Amateur IV.1,14
14906|29398,14906,29398,610,.75m Jumper Junior/Amateur IV.1,12
14906|29399,14906,29399,611,.75m Jumper Junior/Amateur IV.1,14
14906|29152,14906,29152,618,.85m Jumper Open II.2d,29
14906|29153,14906,29153,619,.85m Jumper Open II.2d,16
14906|29154,14906,29154,620,.85m Jumper Open II.2b,12
14906|29156,14906,29156,621,.85m Jumper Junior/Amateur II.2d,18
14906|29157,14906,29157,622,.85m Jumper Junior/Amateur II.2d,14
14906|29158,14906,29158,623,.85m Jumper Junior/Amateur II.2b,15
14906|29394,14906,29394,624,.95m Jumper II.1,26
14906|29159,14906,29159,627,1.00m Jumper II.1,48
14906|29160,14906,29160,628,1.00m Jumper II.2d,13
14906|29401,14906,29401,629,1.00m Jumper II.1,6
14906|29161,14906,29161,630,1.10m Jumper II.1,32
14906|29162,14906,29162,631,1.10m Jumper II.2d,23
14906|29163,14906,29163,632,1.10m Jumper II.2b,11
14906|29164,14906,29164,633,1.15m Jumper II.1,45
14906|29165,14906,29165,634,1.15m Jumper II.2d,10
14906|29402,14906,29402,635,1.15m Jumper II.2b,2
14906|29128,14906,29128,636,$500 1.20m Jumper II.1,58
14906|29129,14906,29129,637,$500 1.20m Jumper II.2d,12
14906|29130,14906,29130,638,$500 1.20m Jumper II.2b,4
14906|29131,14906,29131,642,$1000 1.30m Jumper II.1,26
14906|29132,14906,29132,643,$1000 1.30m Jumper II.2d,12
14906|29133,14906,29133,644,$1000 1.30m Jumper II.2b,19
14906|29134,14906,29134,645,$1000 1.35m Jumper II.1,69
14906|29135,14906,29135,646,$1000 1.35m Jumper II.2d,16
14906|29136,14906,29136,647,$1000 1.35m Jumper II.2b,6
14906|29137,14906,29137,648,$1500 1.40m Jumper II.1,7
14906|29138,14906,29138,649,$1500 1.40m Jumper II.2d,1
14906|28979,14906,28979,650,$2000 1.45m Jumper II.1,0
14906|29433,14906,29433,680,.90m Young Jumpers II,13
14906|29449,14906,29449,681,.90m Young Jumpers II,5
14906|29450,14906,29450,682,.90m Young Jumpers II,3
14906|29451,14906,29451,683,1.0m Young Jumpers II,9
14906|29452,14906,29452,684,1.0m Young Jumpers II,4
14906|29453,14906,29453,685,1.0m Young Jumpers II,2
14906|29166,14906,29166,686,1.10m Young Jumper II,22
14906|29167,14906,29167,687,1.10m Young Jumper II,11
14906|29168,14906,29168,688,1.10m Young Jumper II,10
14906|29169,14906,29169,689,$250 1.20m Young Jumper II.1,22
14906|29170,14906,29170,690,$250 1.20m Young Jumper II.2d,18
14906|29171,14906,29171,691,$250 1.20m Young Jumper II.2b,18
14906|29172,14906,29172,692,$250 1.30m Young Jumper II.1,27
14906|29173,14906,29173,693,$250 1.30m Young Jumper II.2d,22
14906|29174,14906,29174,694,$250 1.30m Young Jumper II.2b,23
14906|29125,14906,29125,695,$100 1.0m Thoroughbred Jumper II.1,2
14906|29126,14906,29126,696,$100 1.0m Thoroughbred Jumper II.2d,3
14906|29127,14906,29127,697,$100 1.0m Thoroughbred Jumper II.2b,2
14906|29119,14906,29119,731,$150 .90m Novice Junior Jumper II.1,6
14906|29120,14906,29120,732,$150 .90m Novice Junior Jumper II.2d,6
14906|29122,14906,29122,734,$150 .90m Novice Amateur Jumper II.1,3
14906|29123,14906,29123,735,$150 .90m Novice Amateur Jumper II.2d,3
14906|29113,14906,29113,737,$200 1.00m Junior Jumper II.1,11
14906|29114,14906,29114,738,$200 1.00m Junior Jumper II.2d,11
14906|29116,14906,29116,740,$200 1.00m Amateur Jumper II.1,7
14906|29117,14906,29117,741,$200 1.00m Amateur Jumper II.2d,6
14906|29107,14906,29107,749,$500 1.10m Junior Jumper II.1,12
14906|29108,14906,29108,750,$500 1.10m Junior Jumper II.2d,8
14906|29110,14906,29110,755,$500 1.10m Amateur Jumper II.1,15
14906|29111,14906,29111,756,$500 1.10m Amateur Jumper II.2d,14
14906|29104,14906,29104,757,$600 1.15m Junior/Amateur Jumper II.1,14
14906|29105,14906,29105,758,$600 1.15m Junior/Amateur Jumper II.2d,12
14906|29477,14906,29477,768,$1500 1.20m Junior/Amateur Jumper II.1,14
14906|29478,14906,29478,769,$1500 1.20m Junior/Amateur Jumper II.2d,10
14906|33465,14906,33465,775,$2000 1.30m JR/AM Jumper II.1,10
14906|33466,14906,33466,776,$2000 1.30m JR/AM Jumper II.2d,7
14906|29095,14906,29095,781,$2500 1.40m Jr/Am Jumper II.1,5
14906|29096,14906,29096,782,$2500 1.40m Jr/Am Jumper II.2d,6
14906|29180,14906,29180,803,"$10,000 Buckeye Nutrition Futures Prix 1.40m II.2b",17
14906|29455,14906,29455,804,"$15,000 C. Jarvis Insurance Welcome Prix 1.40m II.2b",20
14906|29413,14906,29413,805,"$50,000 First Equestrian Grand Prix 1.45m II.2a American Std",15
14906|29121,14906,29121,809,$500 .95m Novice Junior Classic II.2b,6
14906|29124,14906,29124,810,$500 .95m Novice Amateur Classic II.2b,4
14906|29115,14906,29115,811,$750 1.05m Junior Classic II.2b,10
14906|29118,14906,29118,812,$750 1.05m Amateur Classic II.2b,9
14906|29109,14906,29109,813,$2500 1.10m NAL/WIHS Junior Classic II.2b,9
14906|29112,14906,29112,815,$2500 1.10m NAL/WIHS Amateur Classic II.2b,16
14906|29106,14906,29106,816,$3000 1.15m Junior/Amateur Classic II.2b,12
14906|29409,14906,29409,817,$500 .65m Long Creek Farm Junior/Amateur Classic II.2b,8
14906|29410,14906,29410,818,$500 .75m Junior/Amateur Classic II.2b,12
14906|29412,14906,29412,820,$500 .85m Junior/Amateur Classic II.2b,15
14906|29479,14906,29479,851,$5000 NAL 1.25m FreeRide Equestrian Jr/Am Classic II.2b,13
14906|29100,14906,29100,853,$5000 NAL 1.35m Prestige Italia Jr/Am Classic II.2b,10
14906|29097,14906,29097,855,"$10,000 1.45m Junior/Amateur Classic II.2b",4
14906|29139,14906,29139,856,$7500 1.40m ARIAT Jumper Classic II.2b,4
14906|29470,14906,29470,900,Short/Long Stirrup Hunter 2',16
14906|29471,14906,29471,901,Short/Long Stirrup Hunter (1st rnd Classic)) 2',16
14906|29472,14906,29472,902,Short/Long Stirrup Hunter 2',16
14906|29473,14906,29473,903,Short/Long Stirrup Hunter 2',16
14906|29474,14906,29474,904,Short/Long Stirrup Hunter U/S,16
14906|29496,14906,29496,910,Short/Long Stirrup Equitation 2',11
14906|29497,14906,29497,911,Short/Long Stirrup Equitation 2',11
14906|29498,14906,29498,912,Short/Long Stirrup Equitation Flat,11
14906|33455,14906,33455,916,"Crossrails 18""",6
14906|33456,14906,33456,917,"Crossrails 18""",6
14906|33457,14906,33457,918,"Crossrails 18""",6
14906|33458,14906,33458,919,"Crossrails 18""",6
14906|33459,14906,33459,920,Crossrails Flat,6
14906|29201,14906,29201,926,$500 Short Stirrup/Long Stirrup Classic 2',15
14906|29248,14906,29248,927,Walk Trot Equitation Ground Rails,8
14906|29249,14906,29249,928,Walk Trot Equitation Ground Rails,8
14906|29250,14906,29250,929,Walk Trot Equitation Ground Rails,8
14906|29251,14906,29251,930,Walk Trot Equitation Ground Rails,8
14906|29252,14906,29252,931,Walk Trot Equitation Ground Rails Flat,7
14906|29247,14906,29247,2001,Leadline,3
14906|28944,14906,28944,2200,FEI CSI2* Horse Inspection & Jog,54
14906|29237,14906,29237,2201,"$4,000 4CYTE 1.40m CSI2* Two Phase 222.1.4.3",32
14906|28941,14906,28941,2202,"$32,000 4CYTE 1.45m CSI2* Speed 220.2.1.1",31
14906|28943,14906,28943,2203,"$32,000 4 CYTE Grand Prix Qualifier CSI2* 1.45m 220.2.1.2",40
14906|28940,14906,28940,2204,"$85,000 4CYTE Grand Prix FEI CSI2* 1.45m 220.2.1.2",40
14906|29265,14906,29265,9001,Ticketed Schooling-Tuesday Indoor 5 8:00 am- 4:00 pm,88
14906|29266,14906,29266,9002,Ticketed Schooling-Tuesday Indoor 6 8:30 am 4:30 pm,76
14906|29269,14906,29269,9004,Ticketed Schooling-Tuesday Indoor 1 8:30 am 4:30 pm,59
14906|29270,14906,29270,9005,Ticketed Schooling-Tuesday Indoor 2 8:30 am 4:30 pm,60
14906|29272,14906,29272,9006,Ticketed Schooling-Tuesday Indoor 4 8:00 am 3:00am,72
14906|29408,14906,29408,9013,Ticketed Schooling- Wednesday Hunter 2 8am- 3:00pm,0
14906|29417,14906,29417,9014,Ticketed Schooling- Thursday Hunter 2 8am- 3pm,0
14906|29418,14906,29418,9015,Ticketed Schooling- Friday Hunter 2 8am- 3pm,0
14906|29419,14906,29419,9016,Ticketed Schooling- Saturday Hunter 2 8am- 3pm,0
14906|29420,14906,29420,9017,Ticketed Schooling- Sunday Hunter 2 8am- 12pm,0
14906|33484,14906,33484,9018,Ticketed Schooling- Tuesday Jumper Annex 8:00am-3:00pm,17
14906|33485,14906,33485,9019,Ticketed Schooling- Wednesday Jumper Annex 8:00am-3:00pm,0
14906|33486,14906,33486,9020,Ticketed Schooling- Thursday Jumper Annex 8:00am-3:00pm,0